Div,Date,HomeTeam,AwayTeam,FTHG,FTAG,FTR,HTHG,HTAG,HTR,Season
E0,18/08/93,Man United,Sheffield United,3,0,H,,,,1993-94
E0,21/08/93,Man United,Newcastle,1,1,D,,,,1993-94
E0,1/9/1993,Man United,West Ham,3,0,H,,,,1993-94
E0,19/09/93,Man United,Arsenal,1,0,H,,,,1993-94
E0,25/09/93,Man United,Swindon,4,2,H,,,,1993-94
E0,16/10/93,Man United,Tottenham,2,1,H,,,,1993-94
E0,30/10/93,Man United,QPR,2,1,H,,,,1993-94
E0,20/11/93,Man United,Wimbledon,3,1,H,,,,1993-94
E0,24/11/93,Man United,Ipswich,0,0,D,,,,1993-94
E0,4/12/1993,Man United,Norwich,2,2,D,,,,1993-94
E0,19/12/93,Man United,Aston Villa,3,1,H,,,,1993-94
E0,26/12/93,Man United,Blackburn,1,1,D,,,,1993-94
E0,1/1/1994,Man United,Leeds,0,0,D,,,,1993-94
E0,22/01/94,Man United,Everton,1,0,H,,,,1993-94
E0,5/3/1994,Man United,Chelsea,0,1,A,,,,1993-94
E0,16/03/94,Man United,Sheffield Weds,5,0,H,,,,1993-94
E0,30/03/94,Man United,Liverpool,1,0,H,,,,1993-94
E0,4/4/1994,Man United,Oldham,3,2,H,,,,1993-94
E0,23/04/94,Man United,Man City,2,0,H,,,,1993-94
E0,4/5/1994,Man United,Southampton,2,0,H,,,,1993-94
E0,8/5/1994,Man United,Coventry,0,0,D,,,,1993-94
E0,20/08/94,Man United,QPR,2,0,H,,,,1994-95
E0,31/08/94,Man United,Wimbledon,3,0,H,,,,1994-95
E0,17/09/94,Man United,Liverpool,2,0,H,,,,1994-95
E0,1/10/1994,Man United,Everton,2,0,H,,,,1994-95
E0,15/10/94,Man United,West Ham,1,0,H,,,,1994-95
E0,29/10/94,Man United,Newcastle,2,0,H,,,,1994-95
E0,10/11/1994,Man United,Man City,5,0,H,,,,1994-95
E0,19/11/94,Man United,Crystal Palace,3,0,H,,,,1994-95
E0,3/12/1994,Man United,Norwich,1,0,H,,,,1994-95
E0,17/12/94,Man United,Nott'm Forest,1,2,A,,,,1994-95
E0,28/12/94,Man United,Leicester,1,1,D,,,,1994-95
E0,3/1/1995,Man United,Coventry,2,0,H,,,,1994-95
E0,22/01/95,Man United,Blackburn,1,0,H,,,,1994-95
E0,4/2/1995,Man United,Aston Villa,1,0,H,,,,1994-95
E0,4/3/1995,Man United,Ipswich,9,0,H,,,,1994-95
E0,15/03/95,Man United,Tottenham,0,0,D,,,,1994-95
E0,22/03/95,Man United,Arsenal,3,0,H,,,,1994-95
E0,2/4/1995,Man United,Leeds,0,0,D,,,,1994-95
E0,17/04/95,Man United,Chelsea,0,0,D,,,,1994-95
E0,7/5/1995,Man United,Sheffield Weds,1,0,H,,,,1994-95
E0,10/5/1995,Man United,Southampton,2,1,H,,,,1994-95
E0,23/08/95,Man United,West Ham,2,1,H,0.0,0.0,D,1995-96
E0,26/08/95,Man United,Wimbledon,3,1,H,1.0,0.0,H,1995-96
E0,16/09/95,Man United,Bolton,3,0,H,2.0,0.0,H,1995-96
E0,1/10/1995,Man United,Liverpool,2,2,D,1.0,1.0,D,1995-96
E0,14/10/95,Man United,Man City,1,0,H,1.0,0.0,H,1995-96
E0,28/10/95,Man United,Middlesbrough,2,0,H,1.0,0.0,H,1995-96
E0,18/11/95,Man United,Southampton,4,1,H,3.0,0.0,H,1995-96
E0,2/12/1995,Man United,Chelsea,1,1,D,0.0,0.0,D,1995-96
E0,9/12/1995,Man United,Sheffield Weds,2,2,D,1.0,0.0,H,1995-96
E0,27/12/95,Man United,Newcastle,2,0,H,1.0,0.0,H,1995-96
E0,30/12/95,Man United,QPR,2,1,H,1.0,0.0,H,1995-96
E0,13/01/96,Man United,Aston Villa,0,0,D,0.0,0.0,D,1995-96
E0,10/2/1996,Man United,Blackburn,1,0,H,1.0,0.0,H,1995-96
E0,21/02/96,Man United,Everton,2,0,H,1.0,0.0,H,1995-96
E0,20/03/96,Man United,Arsenal,1,0,H,0.0,0.0,D,1995-96
E0,24/03/96,Man United,Tottenham,1,0,H,0.0,0.0,D,1995-96
E0,8/4/1996,Man United,Coventry,1,0,H,0.0,0.0,D,1995-96
E0,17/04/96,Man United,Leeds,1,0,H,0.0,0.0,D,1995-96
E0,28/04/96,Man United,Nott'm Forest,5,0,H,2.0,0.0,H,1995-96
E0,21/08/96,Man United,Everton,2,2,D,0.0,2.0,A,1996-97
E0,25/08/96,Man United,Blackburn,2,2,D,1.0,1.0,D,1996-97
E0,14/09/96,Man United,Nott'm Forest,4,1,H,2.0,1.0,H,1996-97
E0,29/09/96,Man United,Tottenham,2,0,H,1.0,0.0,H,1996-97
E0,12/10/1996,Man United,Liverpool,1,0,H,1.0,0.0,H,1996-97
E0,2/11/1996,Man United,Chelsea,1,2,A,0.0,1.0,A,1996-97
E0,16/11/96,Man United,Arsenal,1,0,H,0.0,0.0,D,1996-97
E0,30/11/96,Man United,Leicester,3,1,H,0.0,0.0,D,1996-97
E0,21/12/96,Man United,Sunderland,5,0,H,2.0,0.0,H,1996-97
E0,28/12/96,Man United,Leeds,1,0,H,1.0,0.0,H,1996-97
E0,1/1/1997,Man United,Aston Villa,0,0,D,0.0,0.0,D,1996-97
E0,29/01/97,Man United,Wimbledon,2,1,H,0.0,0.0,D,1996-97
E0,1/2/1997,Man United,Southampton,2,1,H,1.0,1.0,D,1996-97
E0,1/3/1997,Man United,Coventry,3,1,H,2.0,0.0,H,1996-97
E0,15/03/97,Man United,Sheffield Weds,2,0,H,1.0,0.0,H,1996-97
E0,5/4/1997,Man United,Derby,2,3,A,0.0,2.0,A,1996-97
E0,5/5/1997,Man United,Middlesbrough,3,3,D,2.0,3.0,A,1996-97
E0,8/5/1997,Man United,Newcastle,0,0,D,0.0,0.0,D,1996-97
E0,11/5/1997,Man United,West Ham,2,0,H,1.0,0.0,H,1996-97
E0,13/08/97,Man United,Southampton,1,0,H,0.0,0.0,D,1997-98
E0,30/08/97,Man United,Coventry,3,0,H,1.0,0.0,H,1997-98
E0,13/09/97,Man United,West Ham,2,1,H,1.0,1.0,D,1997-98
E0,24/09/97,Man United,Chelsea,2,2,D,1.0,1.0,D,1997-98
E0,4/10/1997,Man United,Crystal Palace,2,0,H,2.0,0.0,H,1997-98
E0,25/10/97,Man United,Barnsley,7,0,H,4.0,0.0,H,1997-98
E0,1/11/1997,Man United,Sheffield Weds,6,1,H,4.0,0.0,H,1997-98
E0,30/11/97,Man United,Blackburn,4,0,H,1.0,0.0,H,1997-98
E0,15/12/97,Man United,Aston Villa,1,0,H,0.0,0.0,D,1997-98
E0,26/12/97,Man United,Everton,2,0,H,2.0,0.0,H,1997-98
E0,10/1/1998,Man United,Tottenham,2,0,H,1.0,0.0,H,1997-98
E0,31/01/98,Man United,Leicester,0,1,A,0.0,1.0,A,1997-98
E0,7/2/1998,Man United,Bolton,1,1,D,0.0,0.0,D,1997-98
E0,21/02/98,Man United,Derby,2,0,H,1.0,0.0,H,1997-98
E0,14/03/98,Man United,Arsenal,0,1,A,0.0,0.0,D,1997-98
E0,28/03/98,Man United,Wimbledon,2,0,H,0.0,0.0,D,1997-98
E0,10/4/1998,Man United,Liverpool,1,1,D,1.0,1.0,D,1997-98
E0,18/04/98,Man United,Newcastle,1,1,D,1.0,1.0,D,1997-98
E0,4/5/1998,Man United,Leeds,3,0,H,2.0,0.0,H,1997-98
E0,15/08/98,Man United,Leicester,2,2,D,0.0,1.0,A,1998-99
E0,9/9/1998,Man United,Charlton,4,1,H,2.0,1.0,H,1998-99
E0,12/9/1998,Man United,Coventry,2,0,H,1.0,0.0,H,1998-99
E0,24/09/98,Man United,Liverpool,2,0,H,1.0,0.0,H,1998-99
E0,17/10/98,Man United,Wimbledon,5,1,H,2.0,1.0,H,1998-99
E0,8/11/1998,Man United,Newcastle,0,0,D,0.0,0.0,D,1998-99
E0,14/11/98,Man United,Blackburn,3,2,H,2.0,0.0,H,1998-99
E0,29/11/98,Man United,Leeds,3,2,H,1.0,1.0,D,1998-99
E0,16/12/98,Man United,Chelsea,1,1,D,1.0,0.0,H,1998-99
E0,19/12/98,Man United,Middlesbrough,2,3,A,0.0,2.0,A,1998-99
E0,26/12/98,Man United,Nott'm Forest,3,0,H,1.0,0.0,H,1998-99
E0,10/1/1999,Man United,West Ham,4,1,H,2.0,0.0,H,1998-99
E0,2/2/1999,Man United,Derby,1,0,H,0.0,0.0,D,1998-99
E0,17/02/99,Man United,Arsenal,1,1,D,0.0,0.0,D,1998-99
E0,27/02/99,Man United,Southampton,2,1,H,0.0,0.0,D,1998-99
E0,21/03/99,Man United,Everton,3,1,H,0.0,0.0,D,1998-99
E0,17/04/99,Man United,Sheffield Weds,3,0,H,2.0,0.0,H,1998-99
E0,1/5/1999,Man United,Aston Villa,2,1,H,1.0,1.0,D,1998-99
E0,16/05/99,Man United,Tottenham,2,1,H,1.0,1.0,D,1998-99
E0,11/8/1999,Man United,Sheffield Weds,4,0,H,2.0,0.0,H,1999-00
E0,14/08/99,Man United,Leeds,2,0,H,0.0,0.0,D,1999-00
E0,30/08/99,Man United,Newcastle,5,1,H,1.0,1.0,D,1999-00
E0,18/09/99,Man United,Wimbledon,1,1,D,0.0,1.0,A,1999-00
E0,25/09/99,Man United,Southampton,3,3,D,2.0,1.0,H,1999-00
E0,16/10/99,Man United,Watford,4,1,H,3.0,0.0,H,1999-00
E0,30/10/99,Man United,Aston Villa,3,0,H,2.0,0.0,H,1999-00
E0,6/11/1999,Man United,Leicester,2,0,H,1.0,0.0,H,1999-00
E0,4/12/1999,Man United,Everton,5,1,H,3.0,1.0,H,1999-00
E0,26/12/99,Man United,Bradford,4,0,H,0.0,0.0,D,1999-00
E0,24/01/00,Man United,Arsenal,1,1,D,0.0,1.0,A,1999-00
E0,29/01/00,Man United,Middlesbrough,1,0,H,0.0,0.0,D,1999-00
E0,5/2/2000,Man United,Coventry,3,2,H,1.0,0.0,H,1999-00
E0,4/3/2000,Man United,Liverpool,1,1,D,1.0,1.0,D,1999-00
E0,11/3/2000,Man United,Derby,3,1,H,1.0,0.0,H,1999-00
E0,1/4/2000,Man United,West Ham,7,1,H,3.0,1.0,H,1999-00
E0,15/04/00,Man United,Sunderland,4,0,H,1.0,0.0,H,1999-00
E0,24/04/00,Man United,Chelsea,3,2,H,2.0,2.0,D,1999-00
E0,6/5/2000,Man United,Tottenham,3,1,H,3.0,1.0,H,1999-00
E0,20/08/00,Man United,Newcastle,2,0,H,1.0,0.0,H,2000-01
E0,5/9/2000,Man United,Bradford,6,0,H,2.0,0.0,H,2000-01
E0,9/9/2000,Man United,Sunderland,3,0,H,1.0,0.0,H,2000-01
E0,23/09/00,Man United,Chelsea,3,3,D,3.0,2.0,H,2000-01
E0,21/10/00,Man United,Leeds,3,0,H,1.0,0.0,H,2000-01
E0,28/10/00,Man United,Southampton,5,0,H,2.0,0.0,H,2000-01
E0,11/11/2000,Man United,Middlesbrough,2,1,H,0.0,1.0,A,2000-01
E0,2/12/2000,Man United,Tottenham,2,0,H,1.0,0.0,H,2000-01
E0,17/12/00,Man United,Liverpool,0,1,A,0.0,1.0,A,2000-01
E0,23/12/00,Man United,Ipswich,2,0,H,2.0,0.0,H,2000-01
E0,1/1/2001,Man United,West Ham,3,1,H,2.0,0.0,H,2000-01
E0,20/01/01,Man United,Aston Villa,2,0,H,0.0,0.0,D,2000-01
E0,3/2/2001,Man United,Everton,1,0,H,0.0,0.0,D,2000-01
E0,25/02/01,Man United,Arsenal,6,1,H,5.0,1.0,H,2000-01
E0,17/03/01,Man United,Leicester,2,0,H,0.0,0.0,D,2000-01
E0,10/4/2001,Man United,Charlton,2,1,H,1.0,0.0,H,2000-01
E0,14/04/01,Man United,Coventry,4,2,H,2.0,2.0,D,2000-01
E0,21/04/01,Man United,Man City,1,1,D,0.0,0.0,D,2000-01
E0,5/5/2001,Man United,Derby,0,1,A,0.0,1.0,A,2000-01
E0,19/08/01,Man United,Fulham,3,2,H,1.0,1.0,D,2001-02
E0,8/9/2001,Man United,Everton,4,1,H,2.0,0.0,H,2001-02
E0,22/09/01,Man United,Ipswich,4,0,H,2.0,0.0,H,2001-02
E0,20/10/01,Man United,Bolton,1,2,A,1.0,1.0,D,2001-02
E0,27/10/01,Man United,Leeds,1,1,D,0.0,0.0,D,2001-02
E0,17/11/01,Man United,Leicester,2,0,H,1.0,0.0,H,2001-02
E0,1/12/2001,Man United,Chelsea,0,3,A,0.0,1.0,A,2001-02
E0,8/12/2001,Man United,West Ham,0,1,A,0.0,0.0,D,2001-02
E0,12/12/2001,Man United,Derby,5,0,H,2.0,0.0,H,2001-02
E0,22/12/01,Man United,Southampton,6,1,H,3.0,0.0,H,2001-02
E0,2/1/2002,Man United,Newcastle,3,1,H,1.0,0.0,H,2001-02
E0,19/01/02,Man United,Blackburn,2,1,H,1.0,0.0,H,2001-02
E0,22/01/02,Man United,Liverpool,0,1,A,0.0,0.0,D,2001-02
E0,2/2/2002,Man United,Sunderland,4,1,H,4.0,1.0,H,2001-02
E0,23/02/02,Man United,Aston Villa,1,0,H,0.0,0.0,D,2001-02
E0,6/3/2002,Man United,Tottenham,4,0,H,2.0,0.0,H,2001-02
E0,23/03/02,Man United,Middlesbrough,0,1,A,0.0,1.0,A,2001-02
E0,8/5/2002,Man United,Arsenal,0,1,A,0.0,0.0,D,2001-02
E0,11/5/2002,Man United,Charlton,0,0,D,0.0,0.0,D,2001-02
E0,17/08/2002,Man United,West Brom,1,0,H,0.0,0.0,D,2002-03
E0,3/9/2002,Man United,Middlesboro,1,0,H,1.0,0.0,H,2002-03
E0,11/9/2002,Man United,Bolton,0,1,A,0.0,0.0,D,2002-03
E0,21/09/2002,Man United,Tottenham,1,0,H,0.0,0.0,D,2002-03
E0,7/10/2002,Man United,Everton,3,0,H,0.0,0.0,D,2002-03
E0,26/10/2002,Man United,Aston Villa,1,1,D,0.0,1.0,A,2002-03
E0,2/11/2002,Man United,Southampton,2,1,H,1.0,1.0,D,2002-03
E0,23/11/2002,Man United,Newcastle,5,3,H,3.0,1.0,H,2002-03
E0,7/12/2002,Man United,Arsenal,2,0,H,1.0,0.0,H,2002-03
E0,14/12/2002,Man United,West Ham,3,0,H,2.0,0.0,H,2002-03
E0,28/12/2002,Man United,Birmingham,2,0,H,1.0,0.0,H,2002-03
E0,1/1/2003,Man United,Sunderland,2,1,H,0.0,1.0,A,2002-03
E0,18/01/2003,Man United,Chelsea,2,1,H,1.0,1.0,D,2002-03
E0,9/2/2003,Man United,Man City,1,1,D,1.0,0.0,H,2002-03
E0,5/3/2003,Man United,Leeds,2,1,H,1.0,0.0,H,2002-03
E0,22/03/2003,Man United,Fulham,3,0,H,1.0,0.0,H,2002-03
E0,5/4/2003,Man United,Liverpool,4,0,H,1.0,0.0,H,2002-03
E0,19/04/2003,Man United,Blackburn,3,1,H,2.0,1.0,H,2002-03
E0,3/5/2003,Man United,Charlton,4,1,H,3.0,1.0,H,2002-03
E0,16/08/03,Man United,Bolton,4,0,H,1.0,0.0,H,2003-04
E0,27/08/03,Man United,Wolves,1,0,H,0.0,0.0,D,2003-04
E0,21/09/03,Man United,Arsenal,0,0,D,0.0,0.0,D,2003-04
E0,4/10/2003,Man United,Birmingham,3,0,H,1.0,0.0,H,2003-04
E0,25/10/03,Man United,Fulham,1,3,A,1.0,1.0,D,2003-04
E0,1/11/2003,Man United,Portsmouth,3,0,H,1.0,0.0,H,2003-04
E0,22/11/03,Man United,Blackburn,2,1,H,2.0,0.0,H,2003-04
E0,6/12/2003,Man United,Aston Villa,4,0,H,2.0,0.0,H,2003-04
E0,13/12/03,Man United,Man City,3,1,H,2.0,0.0,H,2003-04
E0,26/12/03,Man United,Everton,3,2,H,2.0,1.0,H,2003-04
E0,11/1/2004,Man United,Newcastle,0,0,D,0.0,0.0,D,2003-04
E0,31/01/04,Man United,Southampton,3,2,H,2.0,1.0,H,2003-04
E0,11/2/2004,Man United,Middlesbrough,2,3,A,1.0,2.0,A,2003-04
E0,21/02/04,Man United,Leeds,1,1,D,0.0,0.0,D,2003-04
E0,20/03/04,Man United,Tottenham,3,0,H,1.0,0.0,H,2003-04
E0,13/04/04,Man United,Leicester,1,0,H,0.0,0.0,D,2003-04
E0,20/04/04,Man United,Charlton,2,0,H,1.0,0.0,H,2003-04
E0,24/04/04,Man United,Liverpool,0,1,A,0.0,0.0,D,2003-04
E0,8/5/2004,Man United,Chelsea,1,1,D,0.0,1.0,A,2003-04
E0,21/08/04,Man United,Norwich,2,1,H,1.0,0.0,H,2004-05
E0,30/08/04,Man United,Everton,0,0,D,0.0,0.0,D,2004-05
E0,20/09/04,Man United,Liverpool,2,1,H,1.0,0.0,H,2004-05
E0,3/10/2004,Man United,Middlesbrough,1,1,D,0.0,1.0,A,2004-05
E0,24/10/04,Man United,Arsenal,2,0,H,0.0,0.0,D,2004-05
E0,7/11/2004,Man United,Man City,0,0,D,0.0,0.0,D,2004-05
E0,20/11/04,Man United,Charlton,2,0,H,1.0,0.0,H,2004-05
E0,4/12/2004,Man United,Southampton,3,0,H,0.0,0.0,D,2004-05
E0,18/12/04,Man United,Crystal Palace,5,2,H,2.0,1.0,H,2004-05
E0,26/12/04,Man United,Bolton,2,0,H,1.0,0.0,H,2004-05
E0,4/1/2005,Man United,Tottenham,0,0,D,0.0,0.0,D,2004-05
E0,22/01/05,Man United,Aston Villa,3,1,H,1.0,0.0,H,2004-05
E0,5/2/2005,Man United,Birmingham,2,0,H,0.0,0.0,D,2004-05
E0,26/02/05,Man United,Portsmouth,2,1,H,1.0,0.0,H,2004-05
E0,19/03/05,Man United,Fulham,1,0,H,1.0,0.0,H,2004-05
E0,2/4/2005,Man United,Blackburn,0,0,D,0.0,0.0,D,2004-05
E0,24/04/05,Man United,Newcastle,2,1,H,0.0,1.0,A,2004-05
E0,7/5/2005,Man United,West Brom,1,1,D,1.0,0.0,H,2004-05
E0,10/5/2005,Man United,Chelsea,1,3,A,1.0,1.0,D,2004-05
E0,20/08/05,Man United,Aston Villa,1,0,H,0.0,0.0,D,2005-06
E0,10/9/2005,Man United,Man City,1,1,D,1.0,0.0,H,2005-06
E0,24/09/05,Man United,Blackburn,1,2,A,0.0,1.0,A,2005-06
E0,22/10/05,Man United,Tottenham,1,1,D,1.0,0.0,H,2005-06
E0,6/11/2005,Man United,Chelsea,1,0,H,1.0,0.0,H,2005-06
E0,3/12/2005,Man United,Portsmouth,3,0,H,1.0,0.0,H,2005-06
E0,11/12/2005,Man United,Everton,1,1,D,1.0,1.0,D,2005-06
E0,14/12/05,Man United,Wigan,4,0,H,2.0,0.0,H,2005-06
E0,26/12/05,Man United,West Brom,3,0,H,2.0,0.0,H,2005-06
E0,31/12/05,Man United,Bolton,4,1,H,2.0,1.0,H,2005-06
E0,22/01/06,Man United,Liverpool,1,0,H,0.0,0.0,D,2005-06
E0,4/2/2006,Man United,Fulham,4,2,H,3.0,2.0,H,2005-06
E0,12/3/2006,Man United,Newcastle,2,0,H,2.0,0.0,H,2005-06
E0,26/03/06,Man United,Birmingham,3,0,H,2.0,0.0,H,2005-06
E0,29/03/06,Man United,West Ham,1,0,H,1.0,0.0,H,2005-06
E0,9/4/2006,Man United,Arsenal,2,0,H,0.0,0.0,D,2005-06
E0,14/04/06,Man United,Sunderland,0,0,D,0.0,0.0,D,2005-06
E0,1/5/2006,Man United,Middlesbrough,0,0,D,0.0,0.0,D,2005-06
E0,7/5/2006,Man United,Charlton,4,0,H,3.0,0.0,H,2005-06
E0,20/08/06,Man United,Fulham,5,1,H,4.0,1.0,H,2006-07
E0,9/9/2006,Man United,Tottenham,1,0,H,1.0,0.0,H,2006-07
E0,17/09/06,Man United,Arsenal,0,1,A,0.0,0.0,D,2006-07
E0,1/10/2006,Man United,Newcastle,2,0,H,1.0,0.0,H,2006-07
E0,22/10/06,Man United,Liverpool,2,0,H,1.0,0.0,H,2006-07
E0,4/11/2006,Man United,Portsmouth,3,0,H,2.0,0.0,H,2006-07
E0,26/11/06,Man United,Chelsea,1,1,D,1.0,0.0,H,2006-07
E0,29/11/06,Man United,Everton,3,0,H,1.0,0.0,H,2006-07
E0,9/12/2006,Man United,Man City,3,1,H,2.0,0.0,H,2006-07
E0,26/12/06,Man United,Wigan,3,1,H,0.0,0.0,D,2006-07
E0,30/12/06,Man United,Reading,3,2,H,1.0,1.0,D,2006-07
E0,13/01/07,Man United,Aston Villa,3,1,H,3.0,0.0,H,2006-07
E0,31/01/07,Man United,Watford,4,0,H,1.0,0.0,H,2006-07
E0,10/2/2007,Man United,Charlton,2,0,H,1.0,0.0,H,2006-07
E0,17/03/07,Man United,Bolton,4,1,H,3.0,0.0,H,2006-07
E0,31/03/07,Man United,Blackburn,4,1,H,0.0,1.0,A,2006-07
E0,17/04/07,Man United,Sheffield United,2,0,H,1.0,0.0,H,2006-07
E0,21/04/07,Man United,Middlesbrough,1,1,D,1.0,1.0,D,2006-07
E0,13/05/07,Man United,West Ham,0,1,A,0.0,1.0,A,2006-07
E0,12/8/2007,Man United,Reading,0,0,D,0.0,0.0,D,2007-08
E0,26/08/07,Man United,Tottenham,1,0,H,0.0,0.0,D,2007-08
E0,1/9/2007,Man United,Sunderland,1,0,H,0.0,0.0,D,2007-08
E0,23/09/07,Man United,Chelsea,2,0,H,1.0,0.0,H,2007-08
E0,6/10/2007,Man United,Wigan,4,0,H,0.0,0.0,D,2007-08
E0,27/10/07,Man United,Middlesbrough,4,1,H,2.0,1.0,H,2007-08
E0,11/11/2007,Man United,Blackburn,2,0,H,2.0,0.0,H,2007-08
E0,3/12/2007,Man United,Fulham,2,0,H,1.0,0.0,H,2007-08
E0,8/12/2007,Man United,Derby,4,1,H,2.0,0.0,H,2007-08
E0,23/12/07,Man United,Everton,2,1,H,1.0,1.0,D,2007-08
E0,1/1/2008,Man United,Birmingham,1,0,H,1.0,0.0,H,2007-08
E0,12/1/2008,Man United,Newcastle,6,0,H,0.0,0.0,D,2007-08
E0,30/01/08,Man United,Portsmouth,2,0,H,2.0,0.0,H,2007-08
E0,10/2/2008,Man United,Man City,1,2,A,0.0,2.0,A,2007-08
E0,19/03/08,Man United,Bolton,2,0,H,2.0,0.0,H,2007-08
E0,23/03/08,Man United,Liverpool,3,0,H,1.0,0.0,H,2007-08
E0,29/03/08,Man United,Aston Villa,4,0,H,2.0,0.0,H,2007-08
E0,13/04/08,Man United,Arsenal,2,1,H,0.0,0.0,D,2007-08
E0,3/5/2008,Man United,West Ham,4,1,H,3.0,1.0,H,2007-08
E0,17/08/08,Man United,Newcastle,1,1,D,1.0,1.0,D,2008-09
E0,27/09/08,Man United,Bolton,2,0,H,0.0,0.0,D,2008-09
E0,18/10/08,Man United,West Brom,4,0,H,0.0,0.0,D,2008-09
E0,29/10/08,Man United,West Ham,2,0,H,2.0,0.0,H,2008-09
E0,1/11/2008,Man United,Hull,4,3,H,3.0,1.0,H,2008-09
E0,15/11/08,Man United,Stoke,5,0,H,2.0,0.0,H,2008-09
E0,6/12/2008,Man United,Sunderland,1,0,H,0.0,0.0,D,2008-09
E0,29/12/08,Man United,Middlesbrough,1,0,H,0.0,0.0,D,2008-09
E0,11/1/2009,Man United,Chelsea,3,0,H,1.0,0.0,H,2008-09
E0,14/01/09,Man United,Wigan,1,0,H,1.0,0.0,H,2008-09
E0,31/01/09,Man United,Everton,1,0,H,1.0,0.0,H,2008-09
E0,18/02/09,Man United,Fulham,3,0,H,2.0,0.0,H,2008-09
E0,21/02/09,Man United,Blackburn,2,1,H,1.0,1.0,D,2008-09
E0,14/03/09,Man United,Liverpool,1,4,A,1.0,2.0,A,2008-09
E0,5/4/2009,Man United,Aston Villa,3,2,H,1.0,1.0,D,2008-09
E0,22/04/09,Man United,Portsmouth,2,0,H,1.0,0.0,H,2008-09
E0,25/04/09,Man United,Tottenham,5,2,H,0.0,2.0,A,2008-09
E0,10/5/2009,Man United,Man City,2,0,H,2.0,0.0,H,2008-09
E0,16/05/09,Man United,Arsenal,0,0,D,0.0,0.0,D,2008-09
E0,16/08/09,Man United,Birmingham,1,0,H,1.0,0.0,H,2009-10
E0,29/08/09,Man United,Arsenal,2,1,H,0.0,1.0,A,2009-10
E0,20/09/09,Man United,Man City,4,3,H,1.0,1.0,D,2009-10
E0,3/10/2009,Man United,Sunderland,2,2,D,0.0,1.0,A,2009-10
E0,17/10/09,Man United,Bolton,2,1,H,2.0,0.0,H,2009-10
E0,31/10/09,Man United,Blackburn,2,0,H,0.0,0.0,D,2009-10
E0,21/11/09,Man United,Everton,3,0,H,1.0,0.0,H,2009-10
E0,12/12/2009,Man United,Aston Villa,0,1,A,0.0,1.0,A,2009-10
E0,15/12/09,Man United,Wolves,3,0,H,2.0,0.0,H,2009-10
E0,30/12/09,Man United,Wigan,5,0,H,3.0,0.0,H,2009-10
E0,16/01/10,Man United,Burnley,3,0,H,0.0,0.0,D,2009-10
E0,23/01/10,Man United,Hull,4,0,H,1.0,0.0,H,2009-10
E0,6/2/2010,Man United,Portsmouth,5,0,H,2.0,0.0,H,2009-10
E0,23/02/10,Man United,West Ham,3,0,H,1.0,0.0,H,2009-10
E0,14/03/10,Man United,Fulham,3,0,H,0.0,0.0,D,2009-10
E0,21/03/10,Man United,Liverpool,2,1,H,1.0,1.0,D,2009-10
E0,3/4/2010,Man United,Chelsea,1,2,A,0.0,1.0,A,2009-10
E0,24/04/10,Man United,Tottenham,3,1,H,0.0,0.0,D,2009-10
E0,9/5/2010,Man United,Stoke,4,0,H,2.0,0.0,H,2009-10
E0,16/08/10,Man United,Newcastle,3,0,H,2.0,0.0,H,2010-11
E0,28/08/10,Man United,West Ham,3,0,H,1.0,0.0,H,2010-11
E0,19/09/10,Man United,Liverpool,3,2,H,1.0,0.0,H,2010-11
E0,16/10/10,Man United,West Brom,2,2,D,2.0,0.0,H,2010-11
E0,30/10/10,Man United,Tottenham,2,0,H,1.0,0.0,H,2010-11
E0,6/11/2010,Man United,Wolves,2,1,H,1.0,0.0,H,2010-11
E0,20/11/10,Man United,Wigan,2,0,H,1.0,0.0,H,2010-11
E0,27/11/10,Man United,Blackburn,7,1,H,3.0,0.0,H,2010-11
E0,13/12/10,Man United,Arsenal,1,0,H,1.0,0.0,H,2010-11
E0,26/12/10,Man United,Sunderland,2,0,H,1.0,0.0,H,2010-11
E0,4/1/2011,Man United,Stoke,2,1,H,1.0,0.0,H,2010-11
E0,22/01/11,Man United,Birmingham,5,0,H,3.0,0.0,H,2010-11
E0,1/2/2011,Man United,Aston Villa,3,1,H,2.0,0.0,H,2010-11
E0,12/2/2011,Man United,Man City,2,1,H,1.0,0.0,H,2010-11
E0,19/03/11,Man United,Bolton,1,0,H,0.0,0.0,D,2010-11
E0,9/4/2011,Man United,Fulham,2,0,H,2.0,0.0,H,2010-11
E0,23/04/11,Man United,Everton,1,0,H,0.0,0.0,D,2010-11
E0,8/5/2011,Man United,Chelsea,2,1,H,2.0,0.0,H,2010-11
E0,22/05/11,Man United,Blackpool,4,2,H,1.0,1.0,D,2010-11
E0,22/08/11,Man United,Tottenham,3,0,H,0.0,0.0,D,2011-12
E0,28/08/11,Man United,Arsenal,8,2,H,3.0,1.0,H,2011-12
E0,18/09/11,Man United,Chelsea,3,1,H,3.0,0.0,H,2011-12
E0,1/10/2011,Man United,Norwich,2,0,H,0.0,0.0,D,2011-12
E0,23/10/11,Man United,Man City,1,6,A,0.0,1.0,A,2011-12
E0,5/11/2011,Man United,Sunderland,1,0,H,1.0,0.0,H,2011-12
E0,26/11/11,Man United,Newcastle,1,1,D,0.0,0.0,D,2011-12
E0,10/12/2011,Man United,Wolves,4,1,H,2.0,0.0,H,2011-12
E0,26/12/11,Man United,Wigan,5,0,H,2.0,0.0,H,2011-12
E0,31/12/11,Man United,Blackburn,2,3,A,0.0,1.0,A,2011-12
E0,14/01/12,Man United,Bolton,3,0,H,1.0,0.0,H,2011-12
E0,31/01/12,Man United,Stoke,2,0,H,1.0,0.0,H,2011-12
E0,11/2/2012,Man United,Liverpool,2,1,H,0.0,0.0,D,2011-12
E0,11/3/2012,Man United,West Brom,2,0,H,1.0,0.0,H,2011-12
E0,26/03/12,Man United,Fulham,1,0,H,1.0,0.0,H,2011-12
E0,8/4/2012,Man United,QPR,2,0,H,1.0,0.0,H,2011-12
E0,15/04/12,Man United,Aston Villa,4,0,H,2.0,0.0,H,2011-12
E0,22/04/12,Man United,Everton,4,4,D,1.0,1.0,D,2011-12
E0,6/5/2012,Man United,Swansea,2,0,H,2.0,0.0,H,2011-12
E0,25/08/12,Man United,Fulham,3,2,H,3.0,1.0,H,2012-13
E0,15/09/12,Man United,Wigan,4,0,H,0.0,0.0,D,2012-13
E0,29/09/12,Man United,Tottenham,2,3,A,0.0,2.0,A,2012-13
E0,20/10/12,Man United,Stoke,4,2,H,2.0,1.0,H,2012-13
E0,3/11/2012,Man United,Arsenal,2,1,H,1.0,0.0,H,2012-13
E0,24/11/12,Man United,QPR,3,1,H,0.0,0.0,D,2012-13
E0,28/11/12,Man United,West Ham,1,0,H,1.0,0.0,H,2012-13
E0,15/12/12,Man United,Sunderland,3,1,H,2.0,0.0,H,2012-13
E0,26/12/12,Man United,Newcastle,4,3,H,1.0,2.0,A,2012-13
E0,29/12/12,Man United,West Brom,2,0,H,1.0,0.0,H,2012-13
E0,13/01/13,Man United,Liverpool,2,1,H,1.0,0.0,H,2012-13
E0,30/01/13,Man United,Southampton,2,1,H,2.0,1.0,H,2012-13
E0,10/2/2013,Man United,Everton,2,0,H,2.0,0.0,H,2012-13
E0,2/3/2013,Man United,Norwich,4,0,H,1.0,0.0,H,2012-13
E0,16/03/13,Man United,Reading,1,0,H,1.0,0.0,H,2012-13
E0,8/4/2013,Man United,Man City,1,2,A,0.0,0.0,D,2012-13
E0,22/04/13,Man United,Aston Villa,3,0,H,3.0,0.0,H,2012-13
E0,5/5/2013,Man United,Chelsea,0,1,A,0.0,0.0,D,2012-13
E0,12/5/2013,Man United,Swansea,2,1,H,1.0,0.0,H,2012-13
E0,26/08/13,Man United,Chelsea,0,0,D,0.0,0.0,D,2013-14
E0,14/09/13,Man United,Crystal Palace,2,0,H,1.0,0.0,H,2013-14
E0,28/09/13,Man United,West Brom,1,2,A,0.0,0.0,D,2013-14
E0,19/10/13,Man United,Southampton,1,1,D,1.0,0.0,H,2013-14
E0,26/10/13,Man United,Stoke,3,2,H,1.0,2.0,A,2013-14
E0,10/11/2013,Man United,Arsenal,1,0,H,1.0,0.0,H,2013-14
E0,4/12/2013,Man United,Everton,0,1,A,0.0,0.0,D,2013-14
E0,7/12/2013,Man United,Newcastle,0,1,A,0.0,0.0,D,2013-14
E0,21/12/13,Man United,West Ham,3,1,H,2.0,0.0,H,2013-14
E0,1/1/2014,Man United,Tottenham,1,2,A,0.0,1.0,A,2013-14
E0,11/1/2014,Man United,Swansea,2,0,H,0.0,0.0,D,2013-14
E0,28/01/14,Man United,Cardiff,2,0,H,1.0,0.0,H,2013-14
E0,9/2/2014,Man United,Fulham,2,2,D,0.0,1.0,A,2013-14
E0,16/03/14,Man United,Liverpool,0,3,A,0.0,1.0,A,2013-14
E0,25/03/14,Man United,Man City,0,3,A,0.0,1.0,A,2013-14
E0,29/03/14,Man United,Aston Villa,4,1,H,2.0,1.0,H,2013-14
E0,26/04/14,Man United,Norwich,4,0,H,1.0,0.0,H,2013-14
E0,3/5/2014,Man United,Sunderland,0,1,A,0.0,1.0,A,2013-14
E0,6/5/2014,Man United,Hull,3,1,H,1.0,0.0,H,2013-14
E0,16/08/14,Man United,Swansea,1,2,A,0.0,1.0,A,2014-15
E0,14/09/14,Man United,QPR,4,0,H,3.0,0.0,H,2014-15
E0,27/09/14,Man United,West Ham,2,1,H,2.0,1.0,H,2014-15
E0,5/10/2014,Man United,Everton,2,1,H,1.0,0.0,H,2014-15
E0,26/10/14,Man United,Chelsea,1,1,D,0.0,0.0,D,2014-15
E0,8/11/2014,Man United,Crystal Palace,1,0,H,0.0,0.0,D,2014-15
E0,29/11/14,Man United,Hull,3,0,H,2.0,0.0,H,2014-15
E0,2/12/2014,Man United,Stoke,2,1,H,1.0,1.0,D,2014-15
E0,14/12/14,Man United,Liverpool,3,0,H,2.0,0.0,H,2014-15
E0,26/12/14,Man United,Newcastle,3,1,H,2.0,0.0,H,2014-15
E0,11/1/2015,Man United,Southampton,0,1,A,0.0,0.0,D,2014-15
E0,31/01/15,Man United,Leicester,3,1,H,3.0,0.0,H,2014-15
E0,11/2/2015,Man United,Burnley,3,1,H,2.0,1.0,H,2014-15
E0,28/02/15,Man United,Sunderland,2,0,H,0.0,0.0,D,2014-15
E0,15/03/15,Man United,Tottenham,3,0,H,3.0,0.0,H,2014-15
E0,4/4/2015,Man United,Aston Villa,3,1,H,1.0,0.0,H,2014-15
E0,12/4/2015,Man United,Man City,4,2,H,2.0,1.0,H,2014-15
E0,2/5/2015,Man United,West Brom,0,1,A,0.0,0.0,D,2014-15
E0,17/05/15,Man United,Arsenal,1,1,D,1.0,0.0,H,2014-15
E0,8/8/2015,Man United,Tottenham,1,0,H,1.0,0.0,H,2015-16
E0,22/08/15,Man United,Newcastle,0,0,D,0.0,0.0,D,2015-16
E0,12/9/2015,Man United,Liverpool,3,1,H,0.0,0.0,D,2015-16
E0,26/09/15,Man United,Sunderland,3,0,H,1.0,0.0,H,2015-16
E0,25/10/15,Man United,Man City,0,0,D,0.0,0.0,D,2015-16
E0,7/11/2015,Man United,West Brom,2,0,H,0.0,0.0,D,2015-16
E0,5/12/2015,Man United,West Ham,0,0,D,0.0,0.0,D,2015-16
E0,19/12/15,Man United,Norwich,1,2,A,0.0,1.0,A,2015-16
E0,28/12/15,Man United,Chelsea,0,0,D,0.0,0.0,D,2015-16
E0,2/1/2016,Man United,Swansea,2,1,H,0.0,0.0,D,2015-16
E0,23/01/16,Man United,Southampton,0,1,A,0.0,0.0,D,2015-16
E0,2/2/2016,Man United,Stoke,3,0,H,2.0,0.0,H,2015-16
E0,28/02/16,Man United,Arsenal,3,2,H,2.0,1.0,H,2015-16
E0,2/3/2016,Man United,Watford,1,0,H,0.0,0.0,D,2015-16
E0,3/4/2016,Man United,Everton,1,0,H,0.0,0.0,D,2015-16
E0,16/04/16,Man United,Aston Villa,1,0,H,1.0,0.0,H,2015-16
E0,20/04/16,Man United,Crystal Palace,2,0,H,1.0,0.0,H,2015-16
E0,1/5/2016,Man United,Leicester,1,1,D,1.0,1.0,D,2015-16
E0,17/05/16,Man United,Bournemouth,3,1,H,1.0,0.0,H,2015-16
E0,19/08/16,Man United,Southampton,2,0,H,1.0,0.0,H,2016-17
E0,10/9/2016,Man United,Man City,1,2,A,1.0,2.0,A,2016-17
E0,24/09/16,Man United,Leicester,4,1,H,4.0,0.0,H,2016-17
E0,2/10/2016,Man United,Stoke,1,1,D,0.0,0.0,D,2016-17
E0,29/10/16,Man United,Burnley,0,0,D,0.0,0.0,D,2016-17
E0,19/11/16,Man United,Arsenal,1,1,D,0.0,0.0,D,2016-17
E0,27/11/16,Man United,West Ham,1,1,D,1.0,1.0,D,2016-17
E0,11/12/2016,Man United,Tottenham,1,0,H,1.0,0.0,H,2016-17
E0,26/12/16,Man United,Sunderland,3,1,H,1.0,0.0,H,2016-17
E0,31/12/16,Man United,Middlesbrough,2,1,H,0.0,0.0,D,2016-17
E0,15/01/17,Man United,Liverpool,1,1,D,0.0,1.0,A,2016-17
E0,1/2/2017,Man United,Hull,0,0,D,0.0,0.0,D,2016-17
E0,11/2/2017,Man United,Watford,2,0,H,1.0,0.0,H,2016-17
E0,4/3/2017,Man United,Bournemouth,1,1,D,1.0,1.0,D,2016-17
E0,1/4/2017,Man United,West Brom,0,0,D,0.0,0.0,D,2016-17
E0,4/4/2017,Man United,Everton,1,1,D,0.0,1.0,A,2016-17
E0,16/04/17,Man United,Chelsea,2,0,H,1.0,0.0,H,2016-17
E0,30/04/17,Man United,Swansea,1,1,D,1.0,0.0,H,2016-17
E0,21/05/17,Man United,Crystal Palace,2,0,H,2.0,0.0,H,2016-17
E0,13/08/17,Man United,West Ham,4,0,H,1.0,0.0,H,2017-18
E0,26/08/17,Man United,Leicester,2,0,H,0.0,0.0,D,2017-18
E0,17/09/17,Man United,Everton,4,0,H,1.0,0.0,H,2017-18
E0,30/09/17,Man United,Crystal Palace,4,0,H,2.0,0.0,H,2017-18
E0,28/10/17,Man United,Tottenham,1,0,H,0.0,0.0,D,2017-18
E0,18/11/17,Man United,Newcastle,4,1,H,2.0,1.0,H,2017-18
E0,25/11/17,Man United,Brighton,1,0,H,0.0,0.0,D,2017-18
E0,10/12/2017,Man United,Man City,1,2,A,1.0,1.0,D,2017-18
E0,13/12/17,Man United,Bournemouth,1,0,H,1.0,0.0,H,2017-18
E0,26/12/17,Man United,Burnley,2,2,D,0.0,2.0,A,2017-18
E0,30/12/17,Man United,Southampton,0,0,D,0.0,0.0,D,2017-18
E0,15/01/18,Man United,Stoke,3,0,H,2.0,0.0,H,2017-18
E0,3/2/2018,Man United,Huddersfield,2,0,H,0.0,0.0,D,2017-18
E0,25/02/18,Man United,Chelsea,2,1,H,1.0,1.0,D,2017-18
E0,10/3/2018,Man United,Liverpool,2,1,H,2.0,0.0,H,2017-18
E0,31/03/18,Man United,Swansea,2,0,H,2.0,0.0,H,2017-18
E0,15/04/18,Man United,West Brom,0,1,A,0.0,0.0,D,2017-18
E0,29/04/18,Man United,Arsenal,2,1,H,1.0,0.0,H,2017-18
E0,13/05/18,Man United,Watford,1,0,H,1.0,0.0,H,2017-18
E0,15/08/93,Norwich,Man United,0,2,A,,,,1993-94
E0,23/08/93,Aston Villa,Man United,1,2,A,,,,1993-94
E0,28/08/93,Southampton,Man United,1,3,A,,,,1993-94
E0,11/9/1993,Chelsea,Man United,1,0,H,,,,1993-94
E0,2/10/1993,Sheffield Weds,Man United,2,3,A,,,,1993-94
E0,23/10/93,Everton,Man United,0,1,A,,,,1993-94
E0,7/11/1993,Man City,Man United,2,3,A,,,,1993-94
E0,27/11/93,Coventry,Man United,0,1,A,,,,1993-94
E0,7/12/1993,Sheffield United,Man United,0,3,A,,,,1993-94
E0,11/12/1993,Newcastle,Man United,1,1,D,,,,1993-94
E0,29/12/93,Oldham,Man United,2,5,A,,,,1993-94
E0,4/1/1994,Liverpool,Man United,3,3,D,,,,1993-94
E0,15/01/94,Tottenham,Man United,0,1,A,,,,1993-94
E0,5/2/1994,QPR,Man United,2,3,A,,,,1993-94
E0,26/02/94,West Ham,Man United,2,2,D,,,,1993-94
E0,19/03/94,Swindon,Man United,2,2,D,,,,1993-94
E0,22/03/94,Arsenal,Man United,2,2,D,,,,1993-94
E0,2/4/1994,Blackburn,Man United,2,0,H,,,,1993-94
E0,16/04/94,Wimbledon,Man United,1,0,H,,,,1993-94
E0,27/04/94,Leeds,Man United,0,2,A,,,,1993-94
E0,1/5/1994,Ipswich,Man United,1,2,A,,,,1993-94
E0,22/08/94,Nott'm Forest,Man United,1,1,D,,,,1994-95
E0,27/08/94,Tottenham,Man United,0,1,A,,,,1994-95
E0,11/9/1994,Leeds,Man United,2,1,H,,,,1994-95
E0,24/09/94,Ipswich,Man United,3,2,H,,,,1994-95
E0,8/10/1994,Sheffield Weds,Man United,1,0,H,,,,1994-95
E0,23/10/94,Blackburn,Man United,2,4,A,,,,1994-95
E0,6/11/1994,Aston Villa,Man United,1,2,A,,,,1994-95
E0,26/11/94,Arsenal,Man United,0,0,D,,,,1994-95
E0,10/12/1994,QPR,Man United,2,3,A,,,,1994-95
E0,26/12/94,Chelsea,Man United,2,3,A,,,,1994-95
E0,31/12/94,Southampton,Man United,2,2,D,,,,1994-95
E0,15/01/95,Newcastle,Man United,1,1,D,,,,1994-95
E0,25/01/95,Crystal Palace,Man United,1,1,D,,,,1994-95
E0,11/2/1995,Man City,Man United,0,3,A,,,,1994-95
E0,22/02/95,Norwich,Man United,0,2,A,,,,1994-95
E0,25/02/95,Everton,Man United,1,0,H,,,,1994-95
E0,7/3/1995,Wimbledon,Man United,0,1,A,,,,1994-95
E0,19/03/95,Liverpool,Man United,2,0,H,,,,1994-95
E0,15/04/95,Leicester,Man United,0,4,A,,,,1994-95
E0,1/5/1995,Coventry,Man United,2,3,A,,,,1994-95
E0,14/05/95,West Ham,Man United,1,1,D,,,,1994-95
E0,19/08/95,Aston Villa,Man United,3,1,H,3.0,0.0,H,1995-96
E0,28/08/95,Blackburn,Man United,1,2,A,0.0,0.0,D,1995-96
E0,9/9/1995,Everton,Man United,2,3,A,1.0,1.0,D,1995-96
E0,23/09/95,Sheffield Weds,Man United,0,0,D,0.0,0.0,D,1995-96
E0,21/10/95,Chelsea,Man United,1,4,A,0.0,2.0,A,1995-96
E0,4/11/1995,Arsenal,Man United,1,0,H,1.0,0.0,H,1995-96
E0,22/11/95,Coventry,Man United,0,4,A,0.0,1.0,A,1995-96
E0,27/11/95,Nott'm Forest,Man United,1,1,D,1.0,0.0,H,1995-96
E0,17/12/95,Liverpool,Man United,2,0,H,1.0,0.0,H,1995-96
E0,24/12/95,Leeds,Man United,3,1,H,2.0,1.0,H,1995-96
E0,1/1/1996,Tottenham,Man United,4,1,H,2.0,1.0,H,1995-96
E0,23/01/96,West Ham,Man United,0,1,A,0.0,1.0,A,1995-96
E0,3/2/1996,Wimbledon,Man United,2,4,A,0.0,2.0,A,1995-96
E0,25/02/96,Bolton,Man United,0,6,A,0.0,2.0,A,1995-96
E0,4/3/1996,Newcastle,Man United,0,1,A,0.0,0.0,D,1995-96
E0,16/03/96,QPR,Man United,1,1,D,0.0,0.0,D,1995-96
E0,6/4/1996,Man City,Man United,2,3,A,1.0,2.0,A,1995-96
E0,13/04/96,Southampton,Man United,3,1,H,3.0,0.0,H,1995-96
E0,4/5/1996,Middlesbrough,Man United,0,3,A,0.0,1.0,A,1995-96
E0,17/08/96,Wimbledon,Man United,0,3,A,0.0,1.0,A,1996-97
E0,4/9/1996,Derby,Man United,1,1,D,1.0,1.0,D,1996-97
E0,7/9/1996,Leeds,Man United,0,4,A,0.0,1.0,A,1996-97
E0,21/09/96,Aston Villa,Man United,0,0,D,0.0,0.0,D,1996-97
E0,20/10/96,Newcastle,Man United,5,0,H,2.0,0.0,H,1996-97
E0,26/10/96,Southampton,Man United,6,3,H,3.0,1.0,H,1996-97
E0,23/11/96,Middlesbrough,Man United,2,2,D,1.0,1.0,D,1996-97
E0,8/12/1996,West Ham,Man United,2,2,D,0.0,0.0,D,1996-97
E0,18/12/96,Sheffield Weds,Man United,1,1,D,0.0,0.0,D,1996-97
E0,26/12/96,Nott'm Forest,Man United,0,4,A,0.0,2.0,A,1996-97
E0,12/1/1997,Tottenham,Man United,1,2,A,1.0,1.0,D,1996-97
E0,18/01/97,Coventry,Man United,0,2,A,0.0,0.0,D,1996-97
E0,19/02/97,Arsenal,Man United,1,2,A,0.0,2.0,A,1996-97
E0,22/02/97,Chelsea,Man United,1,1,D,1.0,0.0,H,1996-97
E0,8/3/1997,Sunderland,Man United,2,1,H,0.0,0.0,D,1996-97
E0,22/03/97,Everton,Man United,0,2,A,0.0,1.0,A,1996-97
E0,12/4/1997,Blackburn,Man United,2,3,A,1.0,2.0,A,1996-97
E0,19/04/97,Liverpool,Man United,1,3,A,1.0,2.0,A,1996-97
E0,3/5/1997,Leicester,Man United,2,2,D,2.0,1.0,H,1996-97
E0,10/8/1997,Tottenham,Man United,0,2,A,0.0,0.0,D,1997-98
E0,23/08/97,Leicester,Man United,0,0,D,0.0,0.0,D,1997-98
E0,27/08/97,Everton,Man United,0,2,A,0.0,1.0,A,1997-98
E0,20/09/97,Bolton,Man United,0,0,D,0.0,0.0,D,1997-98
E0,27/09/97,Leeds,Man United,1,0,H,1.0,0.0,H,1997-98
E0,18/10/97,Derby,Man United,2,2,D,2.0,0.0,H,1997-98
E0,9/11/1997,Arsenal,Man United,3,2,H,2.0,2.0,D,1997-98
E0,22/11/97,Wimbledon,Man United,2,5,A,0.0,0.0,D,1997-98
E0,6/12/1997,Liverpool,Man United,1,3,A,0.0,0.0,D,1997-98
E0,21/12/97,Newcastle,Man United,0,1,A,0.0,0.0,D,1997-98
E0,28/12/97,Coventry,Man United,3,2,H,1.0,1.0,D,1997-98
E0,19/01/98,Southampton,Man United,1,0,H,1.0,0.0,H,1997-98
E0,18/02/98,Aston Villa,Man United,0,2,A,0.0,0.0,D,1997-98
E0,28/02/98,Chelsea,Man United,0,1,A,0.0,1.0,A,1997-98
E0,7/3/1998,Sheffield Weds,Man United,2,0,H,1.0,0.0,H,1997-98
E0,11/3/1998,West Ham,Man United,1,1,D,1.0,0.0,H,1997-98
E0,6/4/1998,Blackburn,Man United,1,3,A,1.0,0.0,H,1997-98
E0,27/04/98,Crystal Palace,Man United,0,3,A,0.0,2.0,A,1997-98
E0,10/5/1998,Barnsley,Man United,0,2,A,0.0,1.0,A,1997-98
E0,22/08/98,West Ham,Man United,0,0,D,0.0,0.0,D,1998-99
E0,20/09/98,Arsenal,Man United,3,0,H,2.0,0.0,H,1998-99
E0,3/10/1998,Southampton,Man United,0,3,A,0.0,1.0,A,1998-99
E0,24/10/98,Derby,Man United,1,1,D,0.0,0.0,D,1998-99
E0,31/10/98,Everton,Man United,1,4,A,1.0,2.0,A,1998-99
E0,21/11/98,Sheffield Weds,Man United,3,1,H,1.0,1.0,D,1998-99
E0,5/12/1998,Aston Villa,Man United,1,1,D,0.0,0.0,D,1998-99
E0,12/12/1998,Tottenham,Man United,2,2,D,0.0,2.0,A,1998-99
E0,29/12/98,Chelsea,Man United,0,0,D,0.0,0.0,D,1998-99
E0,16/01/99,Leicester,Man United,2,6,A,1.0,1.0,D,1998-99
E0,31/01/99,Charlton,Man United,0,1,A,0.0,0.0,D,1998-99
E0,6/2/1999,Nott'm Forest,Man United,1,8,A,1.0,2.0,A,1998-99
E0,20/02/99,Coventry,Man United,0,1,A,0.0,0.0,D,1998-99
E0,13/03/99,Newcastle,Man United,1,2,A,1.0,1.0,D,1998-99
E0,3/4/1999,Wimbledon,Man United,1,1,D,1.0,1.0,D,1998-99
E0,25/04/99,Leeds,Man United,1,1,D,1.0,0.0,H,1998-99
E0,5/5/1999,Liverpool,Man United,2,2,D,0.0,1.0,A,1998-99
E0,9/5/1999,Middlesbrough,Man United,0,1,A,0.0,1.0,A,1998-99
E0,12/5/1999,Blackburn,Man United,0,0,D,0.0,0.0,D,1998-99
E0,8/8/1999,Everton,Man United,1,1,D,0.0,1.0,A,1999-00
E0,22/08/99,Arsenal,Man United,1,2,A,1.0,0.0,H,1999-00
E0,25/08/99,Coventry,Man United,1,2,A,0.0,0.0,D,1999-00
E0,11/9/1999,Liverpool,Man United,2,3,A,1.0,3.0,A,1999-00
E0,3/10/1999,Chelsea,Man United,5,0,H,2.0,0.0,H,1999-00
E0,23/10/99,Tottenham,Man United,3,1,H,2.0,1.0,H,1999-00
E0,20/11/99,Derby,Man United,1,2,A,0.0,0.0,D,1999-00
E0,18/12/99,West Ham,Man United,2,4,A,1.0,3.0,A,1999-00
E0,28/12/99,Sunderland,Man United,2,2,D,2.0,1.0,H,1999-00
E0,2/2/2000,Sheffield Weds,Man United,0,1,A,0.0,0.0,D,1999-00
E0,12/2/2000,Newcastle,Man United,3,0,H,1.0,0.0,H,1999-00
E0,20/02/00,Leeds,Man United,0,1,A,0.0,0.0,D,1999-00
E0,26/02/00,Wimbledon,Man United,2,2,D,1.0,1.0,D,1999-00
E0,18/03/00,Leicester,Man United,0,2,A,0.0,1.0,A,1999-00
E0,25/03/00,Bradford,Man United,0,4,A,0.0,2.0,A,1999-00
E0,10/4/2000,Middlesbrough,Man United,3,4,A,1.0,0.0,H,1999-00
E0,22/04/00,Southampton,Man United,1,3,A,0.0,3.0,A,1999-00
E0,29/04/00,Watford,Man United,2,3,A,1.0,0.0,H,1999-00
E0,14/05/00,Aston Villa,Man United,0,1,A,0.0,0.0,D,1999-00
E0,22/08/00,Ipswich,Man United,1,1,D,1.0,1.0,D,2000-01
E0,26/08/00,West Ham,Man United,2,2,D,0.0,1.0,A,2000-01
E0,16/09/00,Everton,Man United,1,3,A,0.0,3.0,A,2000-01
E0,1/10/2000,Arsenal,Man United,1,0,H,1.0,0.0,H,2000-01
E0,14/10/00,Leicester,Man United,0,3,A,0.0,1.0,A,2000-01
E0,4/11/2000,Coventry,Man United,1,2,A,0.0,2.0,A,2000-01
E0,18/11/00,Man City,Man United,0,1,A,0.0,1.0,A,2000-01
E0,25/11/00,Derby,Man United,0,3,A,0.0,0.0,D,2000-01
E0,9/12/2000,Charlton,Man United,3,3,D,1.0,2.0,A,2000-01
E0,26/12/00,Aston Villa,Man United,0,1,A,0.0,0.0,D,2000-01
E0,30/12/00,Newcastle,Man United,1,1,D,0.0,1.0,A,2000-01
E0,13/01/01,Bradford,Man United,0,3,A,0.0,0.0,D,2000-01
E0,31/01/01,Sunderland,Man United,0,1,A,0.0,0.0,D,2000-01
E0,10/2/2001,Chelsea,Man United,1,1,D,1.0,0.0,H,2000-01
E0,3/3/2001,Leeds,Man United,1,1,D,0.0,0.0,D,2000-01
E0,31/03/01,Liverpool,Man United,2,0,H,2.0,0.0,H,2000-01
E0,28/04/01,Middlesbrough,Man United,0,2,A,0.0,1.0,A,2000-01
E0,13/05/01,Southampton,Man United,2,1,H,2.0,0.0,H,2000-01
E0,19/05/01,Tottenham,Man United,3,1,H,1.0,1.0,D,2000-01
E0,22/08/01,Blackburn,Man United,2,2,D,0.0,1.0,A,2001-02
E0,26/08/01,Aston Villa,Man United,1,1,D,1.0,0.0,H,2001-02
E0,15/09/01,Newcastle,Man United,4,3,H,2.0,1.0,H,2001-02
E0,29/09/01,Tottenham,Man United,3,5,A,3.0,0.0,H,2001-02
E0,13/10/01,Sunderland,Man United,1,3,A,0.0,1.0,A,2001-02
E0,4/11/2001,Liverpool,Man United,3,1,H,2.0,0.0,H,2001-02
E0,25/11/01,Arsenal,Man United,3,1,H,0.0,1.0,A,2001-02
E0,15/12/01,Middlesbrough,Man United,0,1,A,0.0,0.0,D,2001-02
E0,26/12/01,Everton,Man United,0,2,A,0.0,0.0,D,2001-02
E0,30/12/01,Fulham,Man United,2,3,A,1.0,2.0,A,2001-02
E0,13/01/02,Southampton,Man United,1,3,A,1.0,2.0,A,2001-02
E0,29/01/02,Bolton,Man United,0,4,A,0.0,2.0,A,2001-02
E0,10/2/2002,Charlton,Man United,0,2,A,0.0,1.0,A,2001-02
E0,3/3/2002,Derby,Man United,2,2,D,1.0,1.0,D,2001-02
E0,16/03/02,West Ham,Man United,3,5,A,2.0,2.0,D,2001-02
E0,30/03/02,Leeds,Man United,3,4,A,1.0,3.0,A,2001-02
E0,6/4/2002,Leicester,Man United,0,1,A,0.0,0.0,D,2001-02
E0,20/04/02,Chelsea,Man United,0,3,A,0.0,2.0,A,2001-02
E0,27/04/02,Ipswich,Man United,0,1,A,0.0,1.0,A,2001-02
E0,23/08/2002,Chelsea,Man United,2,2,D,2.0,1.0,H,2002-03
E0,31/08/2002,Sunderland,Man United,1,1,D,0.0,1.0,A,2002-03
E0,14/09/2002,Leeds,Man United,1,0,H,0.0,0.0,D,2002-03
E0,28/09/2002,Charlton,Man United,1,3,A,1.0,0.0,H,2002-03
E0,19/10/2002,Fulham,Man United,1,1,D,1.0,0.0,H,2002-03
E0,9/11/2002,Man City,Man United,3,1,H,2.0,1.0,H,2002-03
E0,17/11/2002,West Ham,Man United,1,1,D,0.0,1.0,A,2002-03
E0,1/12/2002,Liverpool,Man United,1,2,A,0.0,0.0,D,2002-03
E0,22/12/2002,Blackburn,Man United,1,0,H,1.0,0.0,H,2002-03
E0,26/12/2002,Middlesboro,Man United,3,1,H,1.0,0.0,H,2002-03
E0,11/1/2003,West Brom,Man United,1,3,A,1.0,2.0,A,2002-03
E0,1/2/2003,Southampton,Man United,0,2,A,0.0,2.0,A,2002-03
E0,4/2/2003,Birmingham,Man United,0,1,A,0.0,0.0,D,2002-03
E0,22/02/2003,Bolton,Man United,1,1,D,0.0,0.0,D,2002-03
E0,15/03/2003,Aston Villa,Man United,0,1,A,0.0,1.0,A,2002-03
E0,12/4/2003,Newcastle,Man United,2,6,A,1.0,4.0,A,2002-03
E0,16/04/2003,Arsenal,Man United,2,2,D,0.0,1.0,A,2002-03
E0,27/04/2003,Tottenham,Man United,0,2,A,0.0,0.0,D,2002-03
E0,11/5/2003,Everton,Man United,1,2,A,1.0,1.0,D,2002-03
E0,23/08/03,Newcastle,Man United,1,2,A,1.0,0.0,H,2003-04
E0,31/08/03,Southampton,Man United,1,0,H,0.0,0.0,D,2003-04
E0,13/09/03,Charlton,Man United,0,2,A,0.0,0.0,D,2003-04
E0,27/09/03,Leicester,Man United,1,4,A,0.0,3.0,A,2003-04
E0,18/10/03,Leeds,Man United,0,1,A,0.0,0.0,D,2003-04
E0,9/11/2003,Liverpool,Man United,1,2,A,0.0,0.0,D,2003-04
E0,30/11/03,Chelsea,Man United,1,0,H,1.0,0.0,H,2003-04
E0,21/12/03,Tottenham,Man United,1,2,A,0.0,2.0,A,2003-04
E0,28/12/03,Middlesbrough,Man United,0,1,A,0.0,1.0,A,2003-04
E0,7/1/2004,Bolton,Man United,1,2,A,0.0,2.0,A,2003-04
E0,17/01/04,Wolves,Man United,1,0,H,0.0,0.0,D,2003-04
E0,7/2/2004,Everton,Man United,3,4,A,0.0,3.0,A,2003-04
E0,28/02/04,Fulham,Man United,1,1,D,0.0,1.0,A,2003-04
E0,14/03/04,Man City,Man United,4,1,H,2.0,1.0,H,2003-04
E0,28/03/04,Arsenal,Man United,1,1,D,0.0,0.0,D,2003-04
E0,10/4/2004,Birmingham,Man United,1,2,A,1.0,0.0,H,2003-04
E0,17/04/04,Portsmouth,Man United,1,0,H,1.0,0.0,H,2003-04
E0,1/5/2004,Blackburn,Man United,1,0,H,0.0,0.0,D,2003-04
E0,15/05/04,Aston Villa,Man United,0,2,A,0.0,2.0,A,2003-04
E0,15/08/04,Chelsea,Man United,1,0,H,1.0,0.0,H,2004-05
E0,28/08/04,Blackburn,Man United,1,1,D,1.0,0.0,H,2004-05
E0,11/9/2004,Bolton,Man United,2,2,D,0.0,1.0,A,2004-05
E0,25/09/04,Tottenham,Man United,0,1,A,0.0,1.0,A,2004-05
E0,16/10/04,Birmingham,Man United,0,0,D,0.0,0.0,D,2004-05
E0,30/10/04,Portsmouth,Man United,2,0,H,0.0,0.0,D,2004-05
E0,14/11/04,Newcastle,Man United,1,3,A,0.0,1.0,A,2004-05
E0,27/11/04,West Brom,Man United,0,3,A,0.0,0.0,D,2004-05
E0,13/12/04,Fulham,Man United,1,1,D,0.0,1.0,A,2004-05
E0,28/12/04,Aston Villa,Man United,0,1,A,0.0,1.0,A,2004-05
E0,1/1/2005,Middlesbrough,Man United,0,2,A,0.0,1.0,A,2004-05
E0,15/01/05,Liverpool,Man United,0,1,A,0.0,1.0,A,2004-05
E0,1/2/2005,Arsenal,Man United,2,4,A,2.0,1.0,H,2004-05
E0,13/02/05,Man City,Man United,0,2,A,0.0,0.0,D,2004-05
E0,5/3/2005,Crystal Palace,Man United,0,0,D,0.0,0.0,D,2004-05
E0,9/4/2005,Norwich,Man United,2,0,H,0.0,0.0,D,2004-05
E0,20/04/05,Everton,Man United,1,0,H,0.0,0.0,D,2004-05
E0,1/5/2005,Charlton,Man United,0,4,A,0.0,2.0,A,2004-05
E0,15/05/05,Southampton,Man United,1,2,A,1.0,1.0,D,2004-05
E0,13/08/05,Everton,Man United,0,2,A,0.0,1.0,A,2005-06
E0,28/08/05,Newcastle,Man United,0,2,A,0.0,0.0,D,2005-06
E0,18/09/05,Liverpool,Man United,0,0,D,0.0,0.0,D,2005-06
E0,1/10/2005,Fulham,Man United,2,3,A,2.0,3.0,A,2005-06
E0,15/10/05,Sunderland,Man United,1,3,A,0.0,1.0,A,2005-06
E0,29/10/05,Middlesbrough,Man United,4,1,H,3.0,0.0,H,2005-06
E0,19/11/05,Charlton,Man United,1,3,A,0.0,1.0,A,2005-06
E0,27/11/05,West Ham,Man United,1,2,A,1.0,0.0,H,2005-06
E0,17/12/05,Aston Villa,Man United,0,2,A,0.0,1.0,A,2005-06
E0,28/12/05,Birmingham,Man United,2,2,D,1.0,1.0,D,2005-06
E0,3/1/2006,Arsenal,Man United,0,0,D,0.0,0.0,D,2005-06
E0,14/01/06,Man City,Man United,3,1,H,2.0,0.0,H,2005-06
E0,1/2/2006,Blackburn,Man United,4,3,H,3.0,1.0,H,2005-06
E0,11/2/2006,Portsmouth,Man United,1,3,A,0.0,3.0,A,2005-06
E0,6/3/2006,Wigan,Man United,1,2,A,0.0,0.0,D,2005-06
E0,18/03/06,West Brom,Man United,1,2,A,0.0,1.0,A,2005-06
E0,1/4/2006,Bolton,Man United,1,2,A,1.0,1.0,D,2005-06
E0,17/04/06,Tottenham,Man United,1,2,A,0.0,2.0,A,2005-06
E0,29/04/06,Chelsea,Man United,3,0,H,1.0,0.0,H,2005-06
E0,23/08/06,Charlton,Man United,0,3,A,0.0,0.0,D,2006-07
E0,26/08/06,Watford,Man United,1,2,A,1.0,1.0,D,2006-07
E0,23/09/06,Reading,Man United,1,1,D,0.0,0.0,D,2006-07
E0,14/10/06,Wigan,Man United,1,3,A,1.0,0.0,H,2006-07
E0,28/10/06,Bolton,Man United,0,4,A,0.0,2.0,A,2006-07
E0,11/11/2006,Blackburn,Man United,0,1,A,0.0,0.0,D,2006-07
E0,18/11/06,Sheffield United,Man United,1,2,A,1.0,1.0,D,2006-07
E0,2/12/2006,Middlesbrough,Man United,1,2,A,0.0,1.0,A,2006-07
E0,17/12/06,West Ham,Man United,1,0,H,0.0,0.0,D,2006-07
E0,23/12/06,Aston Villa,Man United,0,3,A,0.0,0.0,D,2006-07
E0,1/1/2007,Newcastle,Man United,2,2,D,1.0,1.0,D,2006-07
E0,21/01/07,Arsenal,Man United,2,1,H,0.0,0.0,D,2006-07
E0,4/2/2007,Tottenham,Man United,0,4,A,0.0,1.0,A,2006-07
E0,24/02/07,Fulham,Man United,1,2,A,1.0,1.0,D,2006-07
E0,3/3/2007,Liverpool,Man United,0,1,A,0.0,0.0,D,2006-07
E0,7/4/2007,Portsmouth,Man United,2,1,H,1.0,0.0,H,2006-07
E0,28/04/07,Everton,Man United,2,4,A,1.0,0.0,H,2006-07
E0,5/5/2007,Man City,Man United,0,1,A,0.0,1.0,A,2006-07
E0,9/5/2007,Chelsea,Man United,0,0,D,0.0,0.0,D,2006-07
E0,15/08/07,Portsmouth,Man United,1,1,D,0.0,1.0,A,2007-08
E0,19/08/07,Man City,Man United,1,0,H,1.0,0.0,H,2007-08
E0,15/09/07,Everton,Man United,0,1,A,0.0,0.0,D,2007-08
E0,29/09/07,Birmingham,Man United,0,1,A,0.0,0.0,D,2007-08
E0,20/10/07,Aston Villa,Man United,1,4,A,1.0,3.0,A,2007-08
E0,3/11/2007,Arsenal,Man United,2,2,D,0.0,1.0,A,2007-08
E0,24/11/07,Bolton,Man United,1,0,H,1.0,0.0,H,2007-08
E0,16/12/07,Liverpool,Man United,0,1,A,0.0,1.0,A,2007-08
E0,26/12/07,Sunderland,Man United,0,4,A,0.0,3.0,A,2007-08
E0,29/12/07,West Ham,Man United,2,1,H,0.0,1.0,A,2007-08
E0,19/01/08,Reading,Man United,0,2,A,0.0,0.0,D,2007-08
E0,2/2/2008,Tottenham,Man United,1,1,D,1.0,0.0,H,2007-08
E0,23/02/08,Newcastle,Man United,1,5,A,0.0,2.0,A,2007-08
E0,1/3/2008,Fulham,Man United,0,3,A,0.0,2.0,A,2007-08
E0,15/03/08,Derby,Man United,0,1,A,0.0,0.0,D,2007-08
E0,6/4/2008,Middlesbrough,Man United,2,2,D,1.0,1.0,D,2007-08
E0,19/04/08,Blackburn,Man United,1,1,D,1.0,0.0,H,2007-08
E0,26/04/08,Chelsea,Man United,2,1,H,1.0,0.0,H,2007-08
E0,11/5/2008,Wigan,Man United,0,2,A,0.0,1.0,A,2007-08
E0,25/08/08,Portsmouth,Man United,0,1,A,0.0,1.0,A,2008-09
E0,13/09/08,Liverpool,Man United,2,1,H,1.0,1.0,D,2008-09
E0,21/09/08,Chelsea,Man United,1,1,D,0.0,1.0,A,2008-09
E0,4/10/2008,Blackburn,Man United,0,2,A,0.0,1.0,A,2008-09
E0,25/10/08,Everton,Man United,1,1,D,0.0,1.0,A,2008-09
E0,8/11/2008,Arsenal,Man United,2,1,H,1.0,0.0,H,2008-09
E0,22/11/08,Aston Villa,Man United,0,0,D,0.0,0.0,D,2008-09
E0,30/11/08,Man City,Man United,0,1,A,0.0,1.0,A,2008-09
E0,13/12/08,Tottenham,Man United,0,0,D,0.0,0.0,D,2008-09
E0,26/12/08,Stoke,Man United,0,1,A,0.0,0.0,D,2008-09
E0,17/01/09,Bolton,Man United,0,1,A,0.0,0.0,D,2008-09
E0,27/01/09,West Brom,Man United,0,5,A,0.0,2.0,A,2008-09
E0,8/2/2009,West Ham,Man United,0,1,A,0.0,0.0,D,2008-09
E0,4/3/2009,Newcastle,Man United,1,2,A,1.0,1.0,D,2008-09
E0,21/03/09,Fulham,Man United,2,0,H,1.0,0.0,H,2008-09
E0,11/4/2009,Sunderland,Man United,1,2,A,0.0,1.0,A,2008-09
E0,2/5/2009,Middlesbrough,Man United,0,2,A,0.0,1.0,A,2008-09
E0,13/05/09,Wigan,Man United,1,2,A,1.0,0.0,H,2008-09
E0,24/05/09,Hull,Man United,0,1,A,0.0,1.0,A,2008-09
E0,19/08/09,Burnley,Man United,1,0,H,1.0,0.0,H,2009-10
E0,22/08/09,Wigan,Man United,0,5,A,0.0,0.0,D,2009-10
E0,12/9/2009,Tottenham,Man United,1,3,A,1.0,2.0,A,2009-10
E0,26/09/09,Stoke,Man United,0,2,A,0.0,0.0,D,2009-10
E0,25/10/09,Liverpool,Man United,2,0,H,0.0,0.0,D,2009-10
E0,8/11/2009,Chelsea,Man United,1,0,H,0.0,0.0,D,2009-10
E0,28/11/09,Portsmouth,Man United,1,4,A,1.0,1.0,D,2009-10
E0,5/12/2009,West Ham,Man United,0,4,A,0.0,1.0,A,2009-10
E0,19/12/09,Fulham,Man United,3,0,H,1.0,0.0,H,2009-10
E0,27/12/09,Hull,Man United,1,3,A,0.0,1.0,A,2009-10
E0,9/1/2010,Birmingham,Man United,1,1,D,1.0,0.0,H,2009-10
E0,31/01/10,Arsenal,Man United,1,3,A,0.0,2.0,A,2009-10
E0,10/2/2010,Aston Villa,Man United,1,1,D,1.0,1.0,D,2009-10
E0,20/02/10,Everton,Man United,3,1,H,1.0,1.0,D,2009-10
E0,6/3/2010,Wolves,Man United,0,1,A,0.0,0.0,D,2009-10
E0,27/03/10,Bolton,Man United,0,4,A,0.0,1.0,A,2009-10
E0,11/4/2010,Blackburn,Man United,0,0,D,0.0,0.0,D,2009-10
E0,17/04/10,Man City,Man United,0,1,A,0.0,0.0,D,2009-10
E0,2/5/2010,Sunderland,Man United,0,1,A,0.0,1.0,A,2009-10
E0,22/08/10,Fulham,Man United,2,2,D,0.0,1.0,A,2010-11
E0,11/9/2010,Everton,Man United,3,3,D,1.0,1.0,D,2010-11
E0,26/09/10,Bolton,Man United,2,2,D,1.0,1.0,D,2010-11
E0,2/10/2010,Sunderland,Man United,0,0,D,0.0,0.0,D,2010-11
E0,24/10/10,Stoke,Man United,1,2,A,0.0,1.0,A,2010-11
E0,10/11/2010,Man City,Man United,0,0,D,0.0,0.0,D,2010-11
E0,13/11/10,Aston Villa,Man United,2,2,D,0.0,0.0,D,2010-11
E0,28/12/10,Birmingham,Man United,1,1,D,0.0,0.0,D,2010-11
E0,1/1/2011,West Brom,Man United,1,2,A,1.0,1.0,D,2010-11
E0,16/01/11,Tottenham,Man United,0,0,D,0.0,0.0,D,2010-11
E0,25/01/11,Blackpool,Man United,2,3,A,2.0,0.0,H,2010-11
E0,5/2/2011,Wolves,Man United,2,1,H,2.0,1.0,H,2010-11
E0,26/02/11,Wigan,Man United,0,4,A,0.0,1.0,A,2010-11
E0,1/3/2011,Chelsea,Man United,2,1,H,0.0,1.0,A,2010-11
E0,6/3/2011,Liverpool,Man United,3,1,H,2.0,0.0,H,2010-11
E0,2/4/2011,West Ham,Man United,2,4,A,2.0,0.0,H,2010-11
E0,19/04/11,Newcastle,Man United,0,0,D,0.0,0.0,D,2010-11
E0,1/5/2011,Arsenal,Man United,1,0,H,0.0,0.0,D,2010-11
E0,14/05/11,Blackburn,Man United,1,1,D,1.0,0.0,H,2010-11
E0,14/08/11,West Brom,Man United,1,2,A,1.0,1.0,D,2011-12
E0,10/9/2011,Bolton,Man United,0,5,A,0.0,3.0,A,2011-12
E0,24/09/11,Stoke,Man United,1,1,D,0.0,1.0,A,2011-12
E0,15/10/11,Liverpool,Man United,1,1,D,0.0,0.0,D,2011-12
E0,29/10/11,Everton,Man United,0,1,A,0.0,1.0,A,2011-12
E0,19/11/11,Swansea,Man United,0,1,A,0.0,1.0,A,2011-12
E0,3/12/2011,Aston Villa,Man United,0,1,A,0.0,1.0,A,2011-12
E0,18/12/11,QPR,Man United,0,2,A,0.0,1.0,A,2011-12
E0,21/12/11,Fulham,Man United,0,5,A,0.0,3.0,A,2011-12
E0,4/1/2012,Newcastle,Man United,3,0,H,1.0,0.0,H,2011-12
E0,22/01/12,Arsenal,Man United,1,2,A,0.0,1.0,A,2011-12
E0,5/2/2012,Chelsea,Man United,3,3,D,1.0,0.0,H,2011-12
E0,26/02/12,Norwich,Man United,1,2,A,0.0,1.0,A,2011-12
E0,4/3/2012,Tottenham,Man United,1,3,A,0.0,1.0,A,2011-12
E0,18/03/12,Wolves,Man United,0,5,A,0.0,3.0,A,2011-12
E0,2/4/2012,Blackburn,Man United,0,2,A,0.0,0.0,D,2011-12
E0,11/4/2012,Wigan,Man United,1,0,H,0.0,0.0,D,2011-12
E0,30/04/12,Man City,Man United,1,0,H,1.0,0.0,H,2011-12
E0,13/05/12,Sunderland,Man United,0,1,A,0.0,1.0,A,2011-12
E0,20/08/12,Everton,Man United,1,0,H,0.0,0.0,D,2012-13
E0,2/9/2012,Southampton,Man United,2,3,A,1.0,1.0,D,2012-13
E0,23/09/12,Liverpool,Man United,1,2,A,0.0,0.0,D,2012-13
E0,7/10/2012,Newcastle,Man United,0,3,A,0.0,2.0,A,2012-13
E0,28/10/12,Chelsea,Man United,2,3,A,1.0,2.0,A,2012-13
E0,10/11/2012,Aston Villa,Man United,2,3,A,1.0,0.0,H,2012-13
E0,17/11/12,Norwich,Man United,1,0,H,0.0,0.0,D,2012-13
E0,1/12/2012,Reading,Man United,3,4,A,3.0,4.0,A,2012-13
E0,9/12/2012,Man City,Man United,2,3,A,0.0,2.0,A,2012-13
E0,23/12/12,Swansea,Man United,1,1,D,1.0,1.0,D,2012-13
E0,1/1/2013,Wigan,Man United,0,4,A,0.0,2.0,A,2012-13
E0,20/01/13,Tottenham,Man United,1,1,D,0.0,1.0,A,2012-13
E0,2/2/2013,Fulham,Man United,0,1,A,0.0,0.0,D,2012-13
E0,23/02/13,QPR,Man United,0,2,A,0.0,1.0,A,2012-13
E0,30/03/13,Sunderland,Man United,0,1,A,0.0,1.0,A,2012-13
E0,14/04/13,Stoke,Man United,0,2,A,0.0,1.0,A,2012-13
E0,17/04/13,West Ham,Man United,2,2,D,1.0,1.0,D,2012-13
E0,28/04/13,Arsenal,Man United,1,1,D,1.0,1.0,D,2012-13
E0,19/05/13,West Brom,Man United,5,5,D,1.0,3.0,A,2012-13
E0,17/08/13,Swansea,Man United,1,4,A,0.0,2.0,A,2013-14
E0,1/9/2013,Liverpool,Man United,1,0,H,1.0,0.0,H,2013-14
E0,22/09/13,Man City,Man United,4,1,H,2.0,0.0,H,2013-14
E0,5/10/2013,Sunderland,Man United,1,2,A,1.0,0.0,H,2013-14
E0,2/11/2013,Fulham,Man United,1,3,A,0.0,3.0,A,2013-14
E0,24/11/13,Cardiff,Man United,2,2,D,1.0,2.0,A,2013-14
E0,1/12/2013,Tottenham,Man United,2,2,D,1.0,1.0,D,2013-14
E0,15/12/13,Aston Villa,Man United,0,3,A,0.0,2.0,A,2013-14
E0,26/12/13,Hull,Man United,2,3,A,2.0,2.0,D,2013-14
E0,28/12/13,Norwich,Man United,0,1,A,0.0,0.0,D,2013-14
E0,19/01/14,Chelsea,Man United,3,1,H,2.0,0.0,H,2013-14
E0,1/2/2014,Stoke,Man United,2,1,H,1.0,0.0,H,2013-14
E0,12/2/2014,Arsenal,Man United,0,0,D,0.0,0.0,D,2013-14
E0,22/02/14,Crystal Palace,Man United,0,2,A,0.0,0.0,D,2013-14
E0,8/3/2014,West Brom,Man United,0,3,A,0.0,1.0,A,2013-14
E0,22/03/14,West Ham,Man United,0,2,A,0.0,2.0,A,2013-14
E0,5/4/2014,Newcastle,Man United,0,4,A,0.0,1.0,A,2013-14
E0,20/04/14,Everton,Man United,2,0,H,2.0,0.0,H,2013-14
E0,11/5/2014,Southampton,Man United,1,1,D,1.0,0.0,H,2013-14
E0,24/08/14,Sunderland,Man United,1,1,D,1.0,1.0,D,2014-15
E0,30/08/14,Burnley,Man United,0,0,D,0.0,0.0,D,2014-15
E0,21/09/14,Leicester,Man United,5,3,H,1.0,2.0,A,2014-15
E0,20/10/14,West Brom,Man United,2,2,D,1.0,0.0,H,2014-15
E0,2/11/2014,Man City,Man United,1,0,H,0.0,0.0,D,2014-15
E0,22/11/14,Arsenal,Man United,1,2,A,0.0,0.0,D,2014-15
E0,8/12/2014,Southampton,Man United,1,2,A,1.0,1.0,D,2014-15
E0,20/12/14,Aston Villa,Man United,1,1,D,1.0,0.0,H,2014-15
E0,28/12/14,Tottenham,Man United,0,0,D,0.0,0.0,D,2014-15
E0,1/1/2015,Stoke,Man United,1,1,D,1.0,1.0,D,2014-15
E0,17/01/15,QPR,Man United,0,2,A,0.0,0.0,D,2014-15
E0,8/2/2015,West Ham,Man United,1,1,D,0.0,0.0,D,2014-15
E0,21/02/15,Swansea,Man United,2,1,H,1.0,1.0,D,2014-15
E0,4/3/2015,Newcastle,Man United,0,1,A,0.0,0.0,D,2014-15
E0,22/03/15,Liverpool,Man United,1,2,A,0.0,1.0,A,2014-15
E0,18/04/15,Chelsea,Man United,1,0,H,1.0,0.0,H,2014-15
E0,26/04/15,Everton,Man United,3,0,H,2.0,0.0,H,2014-15
E0,9/5/2015,Crystal Palace,Man United,1,2,A,0.0,1.0,A,2014-15
E0,24/05/15,Hull,Man United,0,0,D,0.0,0.0,D,2014-15
E0,14/08/15,Aston Villa,Man United,0,1,A,0.0,1.0,A,2015-16
E0,30/08/15,Swansea,Man United,2,1,H,0.0,0.0,D,2015-16
E0,20/09/15,Southampton,Man United,2,3,A,1.0,1.0,D,2015-16
E0,4/10/2015,Arsenal,Man United,3,0,H,3.0,0.0,H,2015-16
E0,17/10/15,Everton,Man United,0,3,A,0.0,2.0,A,2015-16
E0,31/10/15,Crystal Palace,Man United,0,0,D,0.0,0.0,D,2015-16
E0,21/11/15,Watford,Man United,1,2,A,0.0,1.0,A,2015-16
E0,28/11/15,Leicester,Man United,1,1,D,1.0,1.0,D,2015-16
E0,12/12/2015,Bournemouth,Man United,2,1,H,1.0,1.0,D,2015-16
E0,26/12/15,Stoke,Man United,2,0,H,2.0,0.0,H,2015-16
E0,12/1/2016,Newcastle,Man United,3,3,D,1.0,2.0,A,2015-16
E0,17/01/16,Liverpool,Man United,0,1,A,0.0,0.0,D,2015-16
E0,7/2/2016,Chelsea,Man United,1,1,D,0.0,0.0,D,2015-16
E0,13/02/16,Sunderland,Man United,2,1,H,1.0,1.0,D,2015-16
E0,6/3/2016,West Brom,Man United,1,0,H,0.0,0.0,D,2015-16
E0,20/03/16,Man City,Man United,0,1,A,0.0,1.0,A,2015-16
E0,10/4/2016,Tottenham,Man United,3,0,H,0.0,0.0,D,2015-16
E0,7/5/2016,Norwich,Man United,0,1,A,0.0,0.0,D,2015-16
E0,10/5/2016,West Ham,Man United,3,2,H,1.0,0.0,H,2015-16
E0,14/08/16,Bournemouth,Man United,1,3,A,0.0,1.0,A,2016-17
E0,27/08/16,Hull,Man United,0,1,A,0.0,0.0,D,2016-17
E0,18/09/16,Watford,Man United,3,1,H,1.0,0.0,H,2016-17
E0,17/10/16,Liverpool,Man United,0,0,D,0.0,0.0,D,2016-17
E0,23/10/16,Chelsea,Man United,4,0,H,2.0,0.0,H,2016-17
E0,6/11/2016,Swansea,Man United,1,3,A,0.0,3.0,A,2016-17
E0,4/12/2016,Everton,Man United,1,1,D,0.0,1.0,A,2016-17
E0,14/12/16,Crystal Palace,Man United,1,2,A,0.0,1.0,A,2016-17
E0,17/12/16,West Brom,Man United,0,2,A,0.0,1.0,A,2016-17
E0,2/1/2017,West Ham,Man United,0,2,A,0.0,0.0,D,2016-17
E0,21/01/17,Stoke,Man United,1,1,D,1.0,0.0,H,2016-17
E0,5/2/2017,Leicester,Man United,0,3,A,0.0,2.0,A,2016-17
E0,19/03/17,Middlesbrough,Man United,1,3,A,0.0,1.0,A,2016-17
E0,9/4/2017,Sunderland,Man United,0,3,A,0.0,1.0,A,2016-17
E0,23/04/17,Burnley,Man United,0,2,A,0.0,2.0,A,2016-17
E0,27/04/17,Man City,Man United,0,0,D,0.0,0.0,D,2016-17
E0,7/5/2017,Arsenal,Man United,2,0,H,0.0,0.0,D,2016-17
E0,14/05/17,Tottenham,Man United,2,1,H,1.0,0.0,H,2016-17
E0,17/05/17,Southampton,Man United,0,0,D,0.0,0.0,D,2016-17
E0,19/08/17,Swansea,Man United,0,4,A,0.0,1.0,A,2017-18
E0,9/9/2017,Stoke,Man United,2,2,D,1.0,1.0,D,2017-18
E0,23/09/17,Southampton,Man United,0,1,A,0.0,1.0,A,2017-18
E0,14/10/17,Liverpool,Man United,0,0,D,0.0,0.0,D,2017-18
E0,21/10/17,Huddersfield,Man United,2,1,H,2.0,0.0,H,2017-18
E0,5/11/2017,Chelsea,Man United,1,0,H,0.0,0.0,D,2017-18
E0,28/11/17,Watford,Man United,2,4,A,0.0,3.0,A,2017-18
E0,2/12/2017,Arsenal,Man United,1,3,A,0.0,2.0,A,2017-18
E0,17/12/17,West Brom,Man United,1,2,A,0.0,2.0,A,2017-18
E0,23/12/17,Leicester,Man United,2,2,D,1.0,1.0,D,2017-18
E0,1/1/2018,Everton,Man United,0,2,A,0.0,0.0,D,2017-18
E0,20/01/18,Burnley,Man United,0,1,A,0.0,0.0,D,2017-18
E0,31/01/18,Tottenham,Man United,2,0,H,2.0,0.0,H,2017-18
E0,11/2/2018,Newcastle,Man United,1,0,H,0.0,0.0,D,2017-18
E0,5/3/2018,Crystal Palace,Man United,2,3,A,1.0,0.0,H,2017-18
E0,7/4/2018,Man City,Man United,2,3,A,2.0,0.0,H,2017-18
E0,18/04/18,Bournemouth,Man United,0,2,A,0.0,1.0,A,2017-18
E0,4/5/2018,Brighton,Man United,1,0,H,0.0,0.0,D,2017-18
E0,10/5/2018,West Ham,Man United,0,0,D,0.0,0.0,D,2017-18
